section,name
"See our top Setup Experts","Samurai Experts"
"See our top Setup Experts","BravoSolo"
"See our top Setup Experts","Haciendola"
"See our top Setup Experts","C2 Digital"
"See our top Setup Experts","Minion Made"
"See our top Setup Experts","Arctic Grey, Inc."
"See our top Setup Experts","Carson eCommerce"
"See our top Setup Experts","Innovate Group"
"See our top Setup Experts","Mark Sunders"
"See our top Setup Experts","More Co."
"See our top Setup Experts","eCart Atlanta"
"See our top Setup Experts","Eastside Co"
"See our top Designers","BravoSolo"
"See our top Designers","Minion Made"
"See our top Designers","Arctic Grey, Inc."
"See our top Designers","eCart Atlanta"
"See our top Designers","Eastside Co"
"See our top Designers","Webinopoly.com"
"See our top Designers","ING graphics"
"See our top Designers","Blue Horizons"
"See our top Designers","Gowebbaby"
"See our top Designers","Ents"
"See our top Designers","Ethercycle"
"See our top Designers","Pixel Supply"
"See our top Developers","BravoSolo"
"See our top Developers","Minion Made"
"See our top Developers","Carson eCommerce"
"See our top Developers","Eastside Co"
"See our top Developers","Webinopoly.com"
"See our top Developers","Gowebbaby"
"See our top Developers","Ents"
"See our top Developers","Ethercycle"
"See our top Developers","Apolomultimedia.com"
"See our top Developers","By Association Only"
"See our top Developers","Liquify Web Design"
"See our top Developers","Aeolidia"
"See our top Marketers","C2 Digital"
"See our top Marketers","Minion Made"
"See our top Marketers","Arctic Grey, Inc."
"See our top Marketers","Eastside Co"
"See our top Marketers","Webinopoly.com"
"See our top Marketers","Triciclo"
"See our top Marketers","Blue Horizons"
"See our top Marketers","Gowebbaby"
"See our top Marketers","OHDIGITAL"
"See our top Marketers","Ethercycle"
"See our top Marketers","Pixel Supply"
"See our top Marketers","Absolute Web Services"
"See our top Photographers","Arctic Grey, Inc."
"See our top Photographers","Triciclo"
"See our top Photographers","Blue Horizons"
"See our top Photographers","Pixel Supply"
"See our top Photographers","Absolute Web Services"
"See our top Photographers","By Association Only"
"See our top Photographers","Aeolidia"
"See our top Photographers","Sweden Unlimited"
"See our top Photographers","Wolfpoint Agency"
"See our top Photographers","Rialto Partners"
"See our top Photographers","Up Later Than You"
"See our top Photographers","Janzen Designs"
